Workbook
Name Slicer_Policy_Type: #N/A
Name Slicer_Region: #N/A
Name Slicer_Status: #N/A
Name Slicer_Submission_Month: #N/A

Sheet dashboard
A1: Total claims | B1: =COUNTA(in!A:A) -> 5001
A2: Approved claims | B2: =COUNTIF(in!E:E,"Approved") -> 3524
A3: Approval rate | B3: =B2/B1 -> 0.70465907
A4: Avg processing time | B4: =AVERAGE(in!F:F) -> 23.135297
A5: Total claim amount | B5: =SUM(in!D:D) -> 5.1383592e+08

Sheet in
A1: Claim_ID | B1: Customer_ID | C1: Policy_Type | D1: Claim_Amount | E1: Status | F1: Processing_Time_Days | G1: Region | H1: Submission_Date | I1: Approval_Date | J1: Submission_Month
A2: 1 | B2: 19671 | C2: Travel | D2: 162309.38 | E2: Approved | F2: 26 | G2: East | H2: 45308 | I2: 45334 | J2: =TEXT(H2,"mmm-yyyy") -> Jan-2024
A3: 2 | B3: 12369 | C3: Health | D3: 8225.19 | E3: Rejected | F3: 23 | G3: West | H3: 45605 | I3: 45628 | J3: =TEXT(H3,"mmm-yyyy") -> Nov-2024
A4: 3 | B4: 14065 | C4: Health | D4: 41427.54 | E4: Approved | F4: 18 | G4: North | H4: 45476 | I4: 45494 | J4: =TEXT(H4,"mmm-yyyy") -> Jul-2024
A5: 4 | B5: 11463 | C5: Property | D5: 132706.53 | E5: Approved | F5: 41 | G5: East | H5: 45625 | I5: 45666 | J5: =TEXT(H5,"mmm-yyyy") -> Nov-2024
A6: 5 | B6: 11907 | C6: Motor | D6: 78273.07 | E6: Approved | F6: 12 | G6: East | H6: 45475 | I6: 45487 | J6: =TEXT(H6,"mmm-yyyy") -> Jul-2024
A7: 6 | B7: 16201 | C7: Motor | D7: 196584.12 | E7: Pending | G7: West | H7: 45434 | J7: =TEXT(H7,"mmm-yyyy") -> May-2024
A8: 7 | B8: 17895 | C8: Travel | D8: 134753.93 | E8: Approved | F8: 6 | G8: North | H8: 45335 | I8: 45341 | J8: =TEXT(H8,"mmm-yyyy") -> Feb-2024
A9: 8 | B9: 17825 | C9: Motor | D9: 191527.04 | E9: Approved | F9: 22 | G9: North | H9: 45303 | I9: 45325 | J9: =TEXT(H9,"mmm-yyyy") -> Jan-2024
A10: 9 | B10: 13965 | C10: Travel | D10: 44282.06 | E10: Approved | F10: 27 | G10: East | H10: 45299 | I10: 45326 | J10: =TEXT(H10,"mmm-yyyy") -> Jan-2024
A11: 10 | B11: 19508 | C11: Travel | D11: 173471.62 | E11: Pending | G11: South | H11: 45371 | J11: =TEXT(H11,"mmm-yyyy") -> Mar-2024
A12: 11 | B12: 10181 | C12: Motor | D12: 67663.7 | E12: Rejected | F12: 41 | G12: East | H12: 45588 | I12: 45629 | J12: =TEXT(H12,"mmm-yyyy") -> Oct-2024
A13: 12 | B13: 16000 | C13: Travel | D13: 197965.14 | E13: Pending | G13: East | H13: 45453 | J13: =TEXT(H13,"mmm-yyyy") -> Jun-2024
A14: 13 | B14: 17245 | C14: Motor | D14: 35749.29 | E14: Approved | F14: 33 | G14: East | H14: 45593 | I14: 45626 | J14: =TEXT(H14,"mmm-yyyy") -> Oct-2024
A15: 14 | B15: 19152 | C15: Health | D15: 105686.26 | E15: Approved | F15: 5 | G15: East | H15: 45507 | I15: 45512 | J15: =TEXT(H15,"mmm-yyyy") -> Aug-2024
A16: 15 | B16: 10989 | C16: Health | D16: 159604.68 | E16: Approved | F16: 39 | G16: West | H16: 45539 | I16: 45578 | J16: =TEXT(H16,"mmm-yyyy") -> Sep-2024
A17: 16 | B17: 19917 | C17: Property | D17: 89365.28 | E17: Rejected | F17: 9 | G17: North | H17: 45320 | I17: 45329 | J17: =TEXT(H17,"mmm-yyyy") -> Jan-2024
A18: 17 | B18: 16272 | C18: Motor | D18: 96276.39 | E18: Approved | F18: 10 | G18: West | H18: 45563 | I18: 45573 | J18: =TEXT(H18,"mmm-yyyy") -> Sep-2024
A19: 18 | B19: 10706 | C19: Motor | D19: 197339.38 | E19: Approved | F19: 18 | G19: West | H19: 45424 | I19: 45442 | J19: =TEXT(H19,"mmm-yyyy") -> May-2024
A20: 19 | B20: 16652 | C20: Health | D20: 87935.09 | E20: Rejected | F20: 42 | G20: West | H20: 45296 | I20: 45338 | J20: =TEXT(H20,"mmm-yyyy") -> Jan-2024
A21: 20 | B21: 14847 | C21: Health | D21: 122794.06 | E21: Approved | F21: 14 | G21: East | H21: 45535 | I21: 45549 | J21: =TEXT(H21,"mmm-yyyy") -> Aug-2024
A22: 21 | B22: 14330 | C22: Health | D22: 15635.23 | E22: Approved | F22: 10 | G22: South | H22: 45321 | I22: 45331 | J22: =TEXT(H22,"mmm-yyyy") -> Jan-2024
A23: 22 | B23: 11620 | C23: Motor | D23: 169230.97 | E23: Approved | F23: 7 | G23: North | H23: 45408 | I23: 45415 | J23: =TEXT(H23,"mmm-yyyy") -> Apr-2024
A24: 23 | B24: 14649 | C24: Motor | D24: 131392.77 | E24: Approved | F24: 28 | G24: South | H24: 45469 | I24: 45497 | J24: =TEXT(H24,"mmm-yyyy") -> Jun-2024
A25: 24 | B25: 16596 | C25: Motor | D25: 83783.92 | E25: Rejected | F25: 43 | G25: West | H25: 45552 | I25: 45595 | J25: =TEXT(H25,"mmm-yyyy") -> Sep-2024
... A44: 43 | B44: 12511 | C44: Travel | D44: 189439.66 | E44: Approved | F44: 12 | G44: South | H44: 45382 | I44: 45394 | J44: =TEXT(H44,"mmm-yyyy") -> Mar-2024
A45: 44 | B45: 12090 | C45: Health | D45: 47457.16 | E45: Pending | G45: West | H45: 45642 | J45: =TEXT(H45,"mmm-yyyy") -> Dec-2024
A46: 45 | B46: 14634 | C46: Motor | D46: 55064.61 | E46: Approved | F46: 18 | G46: West | H46: 45540 | I46: 45558 | J46: =TEXT(H46,"mmm-yyyy") -> Sep-2024
A47: 46 | B47: 10567 | C47: Motor | D47: 24673.32 | E47: Approved | F47: 28 | G47: West | H47: 45423 | I47: 45451 | J47: =TEXT(H47,"mmm-yyyy") -> May-2024
A48: 47 | B48: 10120 | C48: Motor | D48: 123086.2 | E48: Rejected | F48: 4 | G48: West | H48: 45460 | I48: 45464 | J48: =TEXT(H48,"mmm-yyyy") -> Jun-2024
A49: 48 | B49: 16768 | C49: Motor | D49: 137575.21 | E49: Approved | F49: 3 | G49: East | H49: 45351 | I49: 45354 | J49: =TEXT(H49,"mmm-yyyy") -> Feb-2024
A50: 49 | B50: 18507 | C50: Motor | D50: 130371.59 | E50: Rejected | F50: 5 | G50: South | H50: 45628 | I50: 45633 | J50: =TEXT(H50,"mmm-yyyy") -> Dec-2024
A51: 50 | B51: 10620 | C51: Motor | D51: 172920.4 | E51: Rejected | F51: 19 | G51: South | H51: 45532 | I51: 45551 | J51: =TEXT(H51,"mmm-yyyy") -> Aug-2024
A52: 51 | B52: 14063 | C52: Motor | D52: 99853.04 | E52: Pending | G52: East | H52: 45481 | J52: =TEXT(H52,"mmm-yyyy") -> Jul-2024
A53: 52 | B53: 10453 | C53: Motor | D53: 31219.12 | E53: Approved | F53: 22 | G53: South | H53: 45631 | I53: 45653 | J53: =TEXT(H53,"mmm-yyyy") -> Dec-2024
A54: 53 | B54: 12734 | C54: Travel | D54: 61434 | E54: Approved | F54: 15 | G54: East | H54: 45572 | I54: 45587 | J54: =TEXT(H54,"mmm-yyyy") -> Oct-2024
A55: 54 | B55: 10958 | C55: Property | D55: 134173.84 | E55: Approved | F55: 9 | G55: West | H55: 45523 | I55: 45532 | J55: =TEXT(H55,"mmm-yyyy") -> Aug-2024
A56: 55 | B56: 10762 | C56: Motor | D56: 124558.78 | E56: Approved | F56: 3 | G56: East | H56: 45580 | I56: 45583 | J56: =TEXT(H56,"mmm-yyyy") -> Oct-2024
A57: 56 | B57: 19552 | C57: Property | D57: 108545.61 | E57: Approved | F57: 27 | G57: West | H57: 45566 | I57: 45593 | J57: =TEXT(H57,"mmm-yyyy") -> Oct-2024
A58: 57 | B58: 14335 | C58: Health | D58: 138178.06 | E58: Approved | F58: 20 | G58: West | H58: 45604 | I58: 45624 | J58: =TEXT(H58,"mmm-yyyy") -> Nov-2024
A59: 58 | B59: 16520 | C59: Motor | D59: 129291.22 | E59: Approved | F59: 43 | G59: North | H59: 45306 | I59: 45349 | J59: =TEXT(H59,"mmm-yyyy") -> Jan-2024
A60: 59 | B60: 12051 | C60: Motor | D60: 176858.35 | E60: Approved | F60: 29 | G60: East | H60: 45332 | I60: 45361 | J60: =TEXT(H60,"mmm-yyyy") -> Feb-2024
A61: 60 | B61: 16989 | C61: Health | D61: 119273.19 | E61: Rejected | F61: 30 | G61: North | H61: 45499 | I61: 45529 | J61: =TEXT(H61,"mmm-yyyy") -> Jul-2024
A62: 61 | B62: 18388 | C62: Health | D62: 156827.26 | E62: Rejected | F62: 6 | G62: East | H62: 45351 | I62: 45357 | J62: =TEXT(H62,"mmm-yyyy") -> Feb-2024
A63: 62 | B63: 17807 | C63: Health | D63: 53497.9 | E63: Approved | F63: 44 | G63: East | H63: 45656 | I63: 45700 | J63: =TEXT(H63,"mmm-yyyy") -> Dec-2024
A64: 63 | B64: 10260 | C64: Motor | D64: 137245.6 | E64: Approved | F64: 29 | G64: North | H64: 45531 | I64: 45560 | J64: =TEXT(H64,"mmm-yyyy") -> Aug-2024
... A67: 66 | B67: 16053 | C67: Motor | D67: 156925.32 | E67: Rejected | F67: 6 | G67: South | H67: 45451 | I67: 45457 | J67: =TEXT(H67,"mmm-yyyy") -> Jun-2024
A68: 67 | B68: 11280 | C68: Motor | D68: 146333.91 | E68: Pending | G68: West | H68: 45573 | J68: =TEXT(H68,"mmm-yyyy") -> Oct-2024
A69: 68 | B69: 10135 | C69: Motor | D69: 16607.61 | E69: Approved | F69: 10 | G69: North | H69: 45500 | I69: 45510 | J69: =TEXT(H69,"mmm-yyyy") -> Jul-2024
A70: 69 | B70: 16099 | C70: Travel | D70: 118394.12 | E70: Rejected | F70: 33 | G70: West | H70: 45424 | I70: 45457 | J70: =TEXT(H70,"mmm-yyyy") -> May-2024
A71: 70 | B71: 17877 | C71: Property | D71: 30386.92 | E71: Approved | F71: 27 | G71: South | H71: 45388 | I71: 45415 | J71: =TEXT(H71,"mmm-yyyy") -> Apr-2024
A72: 71 | B72: 12545 | C72: Motor | D72: 193627.24 | E72: Approved | F72: 38 | G72: South | H72: 45510 | I72: 45548 | J72: =TEXT(H72,"mmm-yyyy") -> Aug-2024
A73: 72 | B73: 18560 | C73: Property | D73: 163224.46 | E73: Approved | F73: 16 | G73: South | H73: 45362 | I73: 45378 | J73: =TEXT(H73,"mmm-yyyy") -> Mar-2024
A74: 73 | B74: 13662 | C74: Motor | D74: 26396.14 | E74: Approved | F74: 42 | G74: North | H74: 45565 | I74: 45607 | J74: =TEXT(H74,"mmm-yyyy") -> Sep-2024
A75: 74 | B75: 16729 | C75: Motor | D75: 28741.64 | E75: Rejected | F75: 5 | G75: South | H75: 45642 | I75: 45647 | J75: =TEXT(H75,"mmm-yyyy") -> Dec-2024
A76: 75 | B76: 13454 | C76: Motor | D76: 120922.4 | E76: Approved | F76: 37 | G76: North | H76: 45425 | I76: 45462 | J76: =TEXT(H76,"mmm-yyyy") -> May-2024
A77: 76 | B77: 14808 | C77: Health | D77: 72253.39 | E77: Approved | F77: 21 | G77: South | H77: 45357 | I77: 45378 | J77: =TEXT(H77,"mmm-yyyy") -> Mar-2024
A78: 77 | B78: 18048 | C78: Property | D78: 11806.64 | E78: Approved | F78: 28 | G78: West | H78: 45418 | I78: 45446 | J78: =TEXT(H78,"mmm-yyyy") -> May-2024
A79: 78 | B79: 16520 | C79: Health | D79: 110620.09 | E79: Rejected | F79: 22 | G79: West | H79: 45496 | I79: 45518 | J79: =TEXT(H79,"mmm-yyyy") -> Jul-2024
A80: 79 | B80: 10544 | C80: Motor | D80: 80629.79 | E80: Pending | G80: East | H80: 45589 | J80: =TEXT(H80,"mmm-yyyy") -> Oct-2024
A81: 80 | B81: 16216 | C81: Health | D81: 24709.92 | E81: Rejected | F81: 8 | G81: West | H81: 45408 | I81: 45416 | J81: =TEXT(H81,"mmm-yyyy") -> Apr-2024
A82: 81 | B82: 17117 | C82: Motor | D82: 161374.48 | E82: Approved | F82: 32 | G82: East | H82: 45558 | I82: 45590 | J82: =TEXT(H82,"mmm-yyyy") -> Sep-2024
A83: 82 | B83: 14599 | C83: Travel | D83: 183439.97 | E83: Approved | F83: 18 | G83: West | H83: 45573 | I83: 45591 | J83: =TEXT(H83,"mmm-yyyy") -> Oct-2024
A84: 83 | B84: 13423 | C84: Health | D84: 152535.82 | E84: Approved | F84: 8 | G84: North | H84: 45440 | I84: 45448 | J84: =TEXT(H84,"mmm-yyyy") -> May-2024
A85: 84 | B85: 14805 | C85: Motor | D85: 165372.35 | E85: Approved | F85: 20 | G85: West | H85: 45485 | I85: 45505 | J85: =TEXT(H85,"mmm-yyyy") -> Jul-2024
A86: 85 | B86: 14483 | C86: Health | D86: 47215.66 | E86: Approved | F86: 29 | G86: East | H86: 45459 | I86: 45488 | J86: =TEXT(H86,"mmm-yyyy") -> Jun-2024
A87: 86 | B87: 16971 | C87: Health | D87: 56396.73 | E87: Approved | F87: 11 | G87: East | H87: 45603 | I87: 45614 | J87: =TEXT(H87,"mmm-yyyy") -> Nov-2024
A88: 87 | B88: 17119 | C88: Motor | D88: 45662.87 | E88: Approved | F88: 28 | G88: South | H88: 45470 | I88: 45498 | J88: =TEXT(H88,"mmm-yyyy") -> Jun-2024
A89: 88 | B89: 11097 | C89: Health | D89: 154187.37 | E89: Rejected | F89: 14 | G89: North | H89: 45439 | I89: 45453 | J89: =TEXT(H89,"mmm-yyyy") -> May-2024
A90: 89 | B90: 16860 | C90: Motor | D90: 189843.83 | E90: Approved | F90: 3 | G90: West | H90: 45348 | I90: 45351 | J90: =TEXT(H90,"mmm-yyyy") -> Feb-2024
A91: 90 | B91: 15435 | C91: Health | D91: 144783.26 | E91: Approved | F91: 23 | G91: South | H91: 45296 | I91: 45319 | J91: =TEXT(H91,"mmm-yyyy") -> Jan-2024
A92: 91 | B92: 11943 | C92: Travel | D92: 176886.02 | E92: Approved | F92: 21 | G92: West | H92: 45305 | I92: 45326 | J92: =TEXT(H92,"mmm-yyyy") -> Jan-2024
... A96: 95 | B96: 19166 | C96: Motor | D96: 19687.68 | E96: Approved | F96: 36 | G96: South | H96: 45507 | I96: 45543 | J96: =TEXT(H96,"mmm-yyyy") -> Aug-2024
A97: 96 | B97: 10414 | C97: Health | D97: 11134.15 | E97: Pending | G97: South | H97: 45466 | J97: =TEXT(H97,"mmm-yyyy") -> Jun-2024
A98: 97 | B98: 19042 | C98: Motor | D98: 140617.74 | E98: Approved | F98: 36 | G98: South | H98: 45607 | I98: 45643 | J98: =TEXT(H98,"mmm-yyyy") -> Nov-2024
A99: 98 | B99: 17105 | C99: Motor | D99: 90493.63 | E99: Approved | F99: 4 | G99: West | H99: 45294 | I99: 45298 | J99: =TEXT(H99,"mmm-yyyy") -> Jan-2024
A100: 99 | B100: 12728 | C100: Motor | D100: 112681.94 | E100: Pending | G100: South | H100: 45428 | J100: =TEXT(H100,"mmm-yyyy") -> May-2024
A101: 100 | B101: 17203 | C101: Motor | D101: 113743.94 | E101: Approved | F101: 8 | G101: North | H101: 45391 | I101: 45399 | J101: =TEXT(H101,"mmm-yyyy") -> Apr-2024
A102: 101 | B102: 14641 | C102: Health | D102: 59088.28 | E102: Approved | F102: 30 | G102: East | H102: 45374 | I102: 45404 | J102: =TEXT(H102,"mmm-yyyy") -> Mar-2024
A103: 102 | B103: 10741 | C103: Motor | D103: 97799.04 | E103: Approved | F103: 16 | G103: South | H103: 45571 | I103: 45587 | J103: =TEXT(H103,"mmm-yyyy") -> Oct-2024
A104: 103 | B104: 10591 | C104: Health | D104: 96798.24 | E104: Approved | F104: 12 | G104: South | H104: 45423 | I104: 45435 | J104: =TEXT(H104,"mmm-yyyy") -> May-2024
A105: 104 | B105: 10749 | C105: Motor | D105: 80743.31 | E105: Pending | G105: West | H105: 45292 | J105: =TEXT(H105,"mmm-yyyy") -> Jan-2024
A106: 105 | B106: 12219 | C106: Motor | D106: 165031.7 | E106: Approved | F106: 5 | G106: South | H106: 45407 | I106: 45412 | J106: =TEXT(H106,"mmm-yyyy") -> Apr-2024
A107: 106 | B107: 19029 | C107: Health | D107: 92976.98 | E107: Approved | F107: 25 | G107: South | H107: 45493 | I107: 45518 | J107: =TEXT(H107,"mmm-yyyy") -> Jul-2024
A108: 107 | B108: 18725 | C108: Motor | D108: 122710.68 | E108: Approved | F108: 12 | G108: South | H108: 45431 | I108: 45443 | J108: =TEXT(H108,"mmm-yyyy") -> May-2024
A109: 108 | B109: 14460 | C109: Motor | D109: 179626.42 | E109: Approved | F109: 7 | G109: West | H109: 45437 | I109: 45444 | J109: =TEXT(H109,"mmm-yyyy") -> May-2024
A110: 109 | B110: 17511 | C110: Health | D110: 173915.56 | E110: Approved | F110: 19 | G110: South | H110: 45557 | I110: 45576 | J110: =TEXT(H110,"mmm-yyyy") -> Sep-2024
A111: 110 | B111: 19965 | C111: Motor | D111: 178632.33 | E111: Approved | F111: 16 | G111: East | H111: 45493 | I111: 45509 | J111: =TEXT(H111,"mmm-yyyy") -> Jul-2024
A112: 111 | B112: 17508 | C112: Travel | D112: 57650.97 | E112: Approved | F112: 4 | G112: West | H112: 45443 | I112: 45447 | J112: =TEXT(H112,"mmm-yyyy") -> May-2024
A113: 112 | B113: 12653 | C113: Motor | D113: 11821.59 | E113: Approved | F113: 18 | G113: East | H113: 45513 | I113: 45531 | J113: =TEXT(H113,"mmm-yyyy") -> Aug-2024
A114: 113 | B114: 12570 | C114: Motor | D114: 55908.03 | E114: Pending | G114: West | H114: 45370 | J114: =TEXT(H114,"mmm-yyyy") -> Mar-2024
A115: 114 | B115: 15748 | C115: Health | D115: 59347.93 | E115: Approved | F115: 35 | G115: South | H115: 45491 | I115: 45526 | J115: =TEXT(H115,"mmm-yyyy") -> Jul-2024
A116: 115 | B116: 10264 | C116: Motor | D116: 182325.26 | E116: Approved | F116: 31 | G116: East | H116: 45541 | I116: 45572 | J116: =TEXT(H116,"mmm-yyyy") -> Sep-2024
A117: 116 | B117: 13595 | C117: Motor | D117: 131602.33 | E117: Approved | F117: 20 | G117: West | H117: 45390 | I117: 45410 | J117: =TEXT(H117,"mmm-yyyy") -> Apr-2024
A118: 117 | B118: 12034 | C118: Motor | D118: 20932.27 | E118: Approved | F118: 10 | G118: North | H118: 45504 | I118: 45514 | J118: =TEXT(H118,"mmm-yyyy") -> Jul-2024
A119: 118 | B119: 13202 | C119: Motor | D119: 31398.83 | E119: Rejected | F119: 41 | G119: South | H119: 45434 | I119: 45475 | J119: =TEXT(H119,"mmm-yyyy") -> May-2024
A120: 119 | B120: 18573 | C120: Travel | D120: 35356.84 | E120: Pending | G120: West | H120: 45481 | J120: =TEXT(H120,"mmm-yyyy") -> Jul-2024
A121: 120 | B121: 19358 | C121: Motor | D121: 127932.24 | E121: Approved | F121: 28 | G121: North | H121: 45592 | I121: 45620 | J121: =TEXT(H121,"mmm-yyyy") -> Oct-2024
A122: 121 | B122: 10388 | C122: Health | D122: 148405.73 | E122: Rejected | F122: 26 | G122: West | H122: 45343 | I122: 45369 | J122: =TEXT(H122,"mmm-yyyy") -> Feb-2024
A123: 122 | B123: 16197 | C123: Travel | D123: 172630.56 | E123: Approved | F123: 8 | G123: North | H123: 45403 | I123: 45411 | J123: =TEXT(H123,"mmm-yyyy") -> Apr-2024
...

Sheet KPIs
A1: Total claims | B1: =COUNTA(in!A:A) -> 5001
A2: Approved claims | B2: =COUNTIF(in!E:E,"Approved") -> 3524
A3: Approval rate | B3: =B2/B1 -> 0.70465907
A4: Avg processing time | B4: =AVERAGE(in!F:F) -> 23.135297
A5: Total claim amount | B5: =SUM(in!D:D) -> 5.1383592e+08

Sheet Sheet1
A3: Status | B3: Count of Claim_ID | D3: Region | E3: Count of Claim_ID
A4: Approved | B4: 3524 | D4: East | E4: 1209
A5: Pending | B5: 484 | D5: North | E5: 1295
A6: Rejected | B6: 992 | D6: South | E6: 1240
A7: Grand Total | B7: 5000 | D7: West | E7: 1256
D8: Grand Total | E8: 5000
A10: Policy_Type | B10: Count of Claim_ID
A11: Health | B11: 1454
A12: Motor | B12: 2551
A13: Property | B13: 495
A14: Travel | B14: 500
A15: Grand Total | B15: 5000

Sheet Pivots
A1: Submission_Month | B1: Count of Claim_ID
A2: Apr-2024 | B2: 13
A3: Aug-2024 | B3: 8
A4: Dec-2024 | B4: 11
A5: Feb-2024 | B5: 8
A6: Jan-2024 | B6: 10
A7: Jul-2024 | B7: 5
A8: Jun-2024 | B8: 10
A9: Mar-2024 | B9: 6
A10: May-2024 | B10: 12
A11: Grand Total | B11: 83
A16: Region | B16: Average of Processing_Time_Days
A17: South | B17: 22.666667
A18: Grand Total | B18: 22.666667
